32125,32126,32127,32128,32129,32130,32131,32132,32133,32134
32135,32136,32137,32138,32139,32140,32141,32142,32143,32144
32145,32146,32147,32148,32149,32150,32151,32152,32153,32154
32155,32156,32157,32158,32159,32160,32161,32162,32163,32164
32165,32166,32167,32168,32169,32170,32171,32172,32173,32174
32175,32176,32177,32178,32179,32180,32181,32182,32183,32184
32185,32186,32187,32188,32189,32190,32191,32192,32193,32194
32195,32196,32197,32198,32199,32200,32201,32202,32203,32204

32205,32206,32207,32208,32209,32210,32211,32212,32213,32214
32215,32216,32217,32218,32219,32220,32221,32222,32223,32224
32225,32226,32227,32228,32229,32230,32231,32232,32233,32234
32235,32236,32237,32238,32239,32240,32241,32242,32243,32244
32245,32246,32247,32248,32249,32250,32251,32252,32253,32254
32255,32256,32257,32258,32259,32260,32261,32262,32263,32264
32265,32266,32267,32268,32269,32270,32271,32272,32273,32274
32275,32276,32277,32278,32279,32280,32281,32282,32283,32284

32285,32286,32287,32288,32289,32290,32291,32292,32293,32294
32295,32296,32297,32298,32299,32300,32301,32302,32303,32304
32305,32306,32307,32308,32309,32310,32311,32312,32313,32314
32315,32316,32317,32318,32319,32320,32321,32322,32323,32324